palavra,frequencia
deus,116
bolsonaro,96
presidente,82
brasil,66
nikolas,44
preso,36
povo,34
semanistia,29
país,28
chupetinha,28
verdade,26
senhor,25
verme,25
melhor,24
cassado,24
jair,23
abençoe,22
homem,21
justiça,21
pec,21
lula,20
nação,18
vida,18
ferreira,17
contra,16
pessoas,15
direita,15
saudade,14
exército,14
pátria,14
família,14
jairmessiasbolsonaro,14
capitão,14
força,13
nicolas,13
história,12
saiu,12
messias,12
esperança,12
deputado,12
dinheiro,12
proteja,11
expulso,11
misericórdia,11
amém,11
esquerda,11
palavras,11
bem,11
taxaçãodegrandesfortunas,11
projeto,10
favor,10
política,10
nome,10
brasileiros,10
bandidagem,10
davialcolumbre,10
hugomottapb,10
semdosimetria,10
taxaçãodossuperricosjá,10
isençãodeimpostoderendajá,10
fimdaescalaxjá,10
cassaçãodobananinha,10
cassacaodoeduardobolsonaroja,10
cassacaodacarlaxambelli,10
cassaçãodacarlazambelijá,10
blindagem,9
vergonha,9
golpe,9
saudades,9
obrigada,9
𝗕𝗢𝗟𝗦𝗢𝗡𝗔𝗥𝗢,9
𝗣𝗔𝗣𝗨𝗗𝗔,9
milhões,9
certo,8
jesus,8
corrupção,8
bandido,8
anistia,8
parabéns,8
vagabundo,8
pobre,8
liberdade,7
coragem,7
nenhum,7
realmente,7
brasileiro,7
tentou,7
estado,7
eterno,7
mal,7
viva,7
piada,7
fundo,7
mito,7
mil,6
fim,6
respeito,6
merece,6
mundo,6
comentários,6
carta,6
lindo,6
cadeia,6
defendeu,6
votou,6
acima,6
verdadeira,6
defender,6
acreditar,6
saúde,6
dias,5
discurso,5
simples,5
vou,5
pandemia,5
mulher,5
cada,5
nikolasferreiradm,5
futuro,5
injustiça,5
controle,5
próprio,5
trabalhador,5
representa,5
conta,5
lado,5
própria,5
projetos,5
honesta,5
orgulho,5
apoio,5
direito,5
bilhões,5
muitos,5
ricos,5
educação,5
honesto,4
voz,4
consciência,4
tempos,4
somente,4
luta,4
sinto,4
precisamos,4
tentar,4
pai,4
sistema,4
desistir,4
jamais,4
kkkkkkkkk,4
acabou,4
governo,4
olhos,4
trabalho,4
medo,4
existe,4
claro,4
rio,4
envolver,4
bom,4
injustiças,4
morrer,4
fiel,4
voto,4
quartel,4
ovo,4
juntos,4
muitas,4
erro,4
ditadura,4
defendendo,4
contigo,4
nikolaseopcctudoaver,4
realidade,4
mentira,4
militar,4
filhos,4
defende,4
político,4
população,4
choro,4
amamos,4
políticos,4
vídeos,4
guarde,4
emocionante,4
ajude,4
iguais,4
fgts,4
votar,4
social,4
novamente,4
parte,4
linda,4
elite,4
vence,4
golpista,4
lixo,4
peso,3
morte,3
justo,3
soube,3
pena,3
lutar,3
emocionei,3
lágrimas,3
câncer,3
passou,3
dor,3
receba,3
prisão,3
chamado,3
forma,3
ódio,3
melhores,3
calar,3
acredita,3
federal,3
amigos,3
humilde,3
imóveis,3
dilma,3
tantas,3
mulheres,3
valores,3
famílias,3
trabalhar,3
condenado,3
merda,3
mês,3
luz,3
acreditam,3
divina,3
mensagem,3
paz,3
amor,3
mão,3
age,3
coração,3
prevalecer,3
lindas,3
baba,3
acabar,3
inimigo,3
justos,3
coisas,3
próximo,3
sair,3
união,3
parlamentares,3
novo,3
segue,3
venceremos,3
maior,3
falando,3
república,3
reforma,3
santos,3
pessoa,3
virou,3
fatos,3
vencer,3
razão,3
compromisso,3
crueldade,3
precisam,3
importante,3
verdadeiro,3
frente,3
algo,3
sério,3
desde,3
amo,3
ordem,3
classe,3
fogo,3
salário,3
meio,3
triste,3
corrupto,3
jeito,3
amada,3
homenagem,3
fará,3
desista,3
bla,3
democracia,3
chorei,3
irá,3
mentiroso,3
único,3
chorar,3
iria,3
hugo,3
motta,3
davi,3
alcolumbre,3
partidos,3
peço,3
continue,3
dois,3
sentindo,3
oremos,3
explodir,3
honestidade,3
querido,3
pintou,3
clima,3
pl_,3
brasília,3
taxar,3
mostrar,3
rico,3
privilégios,3
sociais,3
dignidade,3
fome,3
apagar,3
vacina,3
papuda,3
rachadinha,3
humano,2
certeza,2
vale,2
nicholas,2
tantos,2
silêncio,2
enfrenta,2
além,2
liderança,2
pele,2
gratidão,2
alguém,2
transformar,2
relevância,2
ajuda,2
visto,2
vejo,2
caminho,2
seguem,2
sinceramente,2
chat,2
jóias,2
enfrentou,2
deixou,2
abrir,2
situações,2
aberta,2
difícil,2
lei,2
autoria,2
impeachment,2
torturador,2
desejou,2
morresse,2
especialmente,2
tortura,2
cheio,2
manipular,2
apresentou,2
boca,2
contrário,2
chamou,2
destruiu,2
escândalos,2
inocente,2
quanto,2
quanta,2
fácil,2
gado,2
achando,2
vota,2
mãos,2
caia,2
saia,2
representam,2
oração,2
proteção,2
vitória,2
traga,2
caminhos,2
janeiro,2
certa,2
trevas,2
levanta,2
carrega,2
virá,2
creio,2
diferença,2
exercito,2
atentado,2
terrorista,2
comum,2
gabinete,2
foda,2
apodreça,2
sábias,2
tamos,2
ímpios,2
contas,2
rei,2
julgamento,2
ficarão,2
parecem,2
trono,2
governos,2
grupos,2
globo,2
pertence,2
ridículo,2
cima,2
defensor,2
parlamento,2
aprovou,2
adianta,2
fingir,2
mandado,2
segurança,2
stf,2
deputada,2
pediu,2
secreto,2
aparece,2
figuras,2
primo,2
lavagem,2
orando,2
maria,2
motivo,2
administrativa,2
presidiário,2
renan,2
toma,2
problema,2
incrível,2
espero,2
honra,2
consegui,2
perigoso,2
encontra,2
busca,2
factual,2
dados,2
ama,2
desinformação,2
ameaça,2
mentiras,2
consequências,2
ataques,2
sofrimento,2
sozinho,2
atacar,2
convencer,2
destruição,2
sabendo,2
perdeu,2
preço,2
siga,2
abriu,2
quero,2
gosta,2
temer,2
tarcísio,2
guerra,2
sociedade,2
deveria,2
terra,2
ação,2
perseguição,2
presos,2
livre,2
jogou,2
limpo,2
patético,2
racista,2
obgda,2
assisto,2
pessoal,2
tadinho,2
nicole,2
covarde,2
estuve,2
porém,2
impressionante,2
engraçado,2
assuntos,2
santo,2
ajudar,2
guardou,2
passa,2
jovem,2
tentando,2
burro,2
esperando,2
emocionada,2
voltará,2
negro,2
grandes,2
últimos,2
falso,2
satanás,2
quinto,2
pegar,2
magnitsky,2
republicanos,2
feita,2
eleições,2
alexandre,2
moraes,2
dino,2
olá,2
pdl,2
resolução,2
valor,2
antecipar,2
acesso,2
governantes,2
fico,2
importa,2
economia,2
momento,2
poucos,2
volte,2
governar,2
cuida,2
caráter,2
presente,2
porra,2
apresentado,2
oque,2
acontecendo,2
cerca,2
império,2
vargas,2
governado,2
quase,2
pobres,2
bando,2
coerência,2
passei,2
noite,2
falta,2
sentir,2
pesquisar,2
serviço,2
público,2
colocar,2
efetivos,2
totalmente,2
ruas,2
urnas,2
poderia,2
filho,2
nikolasinimigodopovo,2
graças,2
mandato,2
câmara,2
glubs,2
bets,2
bilionários,2
mim,2
casas,2
impossível,2
ilusão,2
eleição,2
votos,2
garantir,2
congresso,2
atual,2
tentativa,2
justamente,2
mesmos,2
banqueiro,2
bilionário,2
lucro,2
chorando,2
ideia,2
promova,2
contribua,2
autoridades,2
interesse,2
causa,2
preto,2
muita,2
harmonia,2
nasce,2
servir,2
levantar,2
saque,2
prejudicar,2
pcc,2
tetas,2
vidas,2
daqui,2
propósito,2
vivo,2
comentário,2
conseguir,2
mãe,2
puder,2
feliz,2
faça,2
canalha,2
escolhido,2
inss,2
amado,2
infelizmente,2
super,2
tomar,2
olho,2
mudar,2
braços,2
maravilhoso,2
mente,2
mlk,2
vagabundagem,2
sensacional,2
deste,2
acredito,2
ambos,2
explica,2
chama,2
imensamente,2
bons,2
branca,2
naqueles,2
espera,2
veio,2
nordeste,2
responder,2
fizeram,2
esqueceram,2
época,2
rua,2
cadê,2
responsável,2
comprou,2
nikole,2
covid,2
eternamente,2
mandatos,2
leva,2
carregava,1
ombros,1
começando,1
avante,1
sensível,1
bemhumorado,1
forte,1
resiliente,1
despertar,1
vêlo,1
ouvilo,1
levante,1
estados,1
unidos,1
assistir,1
memória,1
curta,1
admirável,1
persistem,1
levar,1
amparo,1
preferem,1
orações,1
estresse,1
mutação,1
positiva,1
desafio,1
carinho,1
admiração,1
humilhadas,1
exaltados,1
exércitokkkkkkkkkkkkkkk,1
doloroso,1
situação,1
tristeza,1
enxergo,1
reflexão,1
aprender,1
erros,1
unir,1
inteligente,1
estratégia,1
virão,1
desistirmos,1
líderes,1
possa,1
honrar,1
exércitos,1
clama,1
pede,1
socorro,1
massacrado,1
incomodando,1
pegando,1
gpt,1
considerar,1
ironia,1
condiçãoooooo,1
libertem,1
sauditas,1
pegou,1
quebrado,1
dificuldades,1
financeiras,1
quebrasse,1
simplesmente,1
arrepiar,1
evitar,1
graves,1
lamentáveis,1
desvenda,1
oramos,1
filme,1
terror,1
texto,1
igpt,1
encontrar,1
legado,1
relevante,1
nenhuma,1
aprovada,1
transformado,1
décadas,1
discursos,1
vazios,1
provocações,1
insultos,1
presidenta,1
rousseff,1
escolheu,1
homenagear,1
fria,1
cruel,1
arrependimento,1
assustador,1
admiram,1
venerar,1
exalta,1
arrastou,1
multidões,1
mérito,1
fantasma,1
comunismo,1
sequer,1
uso,1
estratégico,1
lema,1
cereja,1
bolo,1
prato,1
corações,1
mentes,1
essência,1
refletido,1
cristãos,1
invoca,1
dizia,1
proferia,1
ofensas,1
palavrões,1
preconceitos,1
batizou,1
jordão,1
renasceu,1
atitudes,1
revelaram,1
encerrar,1
deixo,1
agradecimento,1
autoproclamado,1
imorrível,1
imbroxável,1
incomível,1
condução,1
desastrosa,1
custou,1
gripezinha,1
inteiras,1
assino,1
total,1
desprezo,1
chris,1
tornozeleira,1
der,1
abre,1
circo,1
palhaçada,1
entende,1
teatro,1
coitadinho,1
moço,1
bonzinho,1
sorriso,1
espontâneo,1
apelando,1
voces,1
ileso,1
narrativas,1
ações,1
ignore,1
soltura,1
deseja,1
abençoado,1
milagres,1
leia,1
fazemos,1
corrente,1
poderosa,1
momentos,1
difíceis,1
possíveis,1
abra,1
derrube,1
muralhas,1
libertação,1
envie,1
especiais,1
compartilhar,1
milagre,1
neste,1
clamam,1
diante,1
clareza,1
felizmente,1
desver,1
corrigir,1
soltar,1
bombas,1
segundo,1
existia,1
rachadinhas,1
práticas,1
jbbnagatahpsarmc,1
palhaço,1
sustente,1
anistiaja,1
perceberam,1
festa,1
poderoso,1
ouvirão,1
culpa,1
aterrorizados,1
destruído,1
retribua,1
sam,1
semeia,1
colhe,1
desgraça,1
superados,1
ímpiosmas,1
cometa,1
pensar,1
corrigirá,1
vingará,1
exaltará,1
exercerá,1
opõem,1
nancy,1
demoss,1
wolgemuth,1
corporações,1
reivindicar,1
partes,1
àquele,1
criou,1
cria,1
marginal,1
mamar,1
baixa,1
egua,1
fresco,1
extrema,1
tiro,1
triunfa,1
caos,1
congnitivo,1
rebanho,1
retartados,1
mentais,1
tranquilo,1
chupeta,1
ídolo,1
gênio,1
soluçar,1
dodói,1
golpist,1
milicino,1
vgbundo,1
arrependidos,1
três,1
deputados,1
pediram,1
desculpas,1
pedro,1
campos,1
entrou,1
retratou,1
favorece,1
bandidos,1
retratar,1
marcar,1
escândalo,1
blindar,1
ligado,1
republicanas,1
tráfico,1
drogas,1
apoiou,1
gilberto,1
horta,1
crimes,1
ambientais,1
pecdabandidagem,1
temas,1
adiante,1
confia,1
abandona,1
salva,1
céu,1
aborto,1
natalidade,1
votando,1
medidas,1
penha,1
entrevista,1
marido,1
bate,1
elegeu,1
usando,1
petista,1
doendo,1
correçãorepresentou,1
chora,1
acorda,1
presídio,1
ficha,1
suja,1
entra,1
rouba,1
inocentes,1
concordo,1
plenamente,1
gloria,1
ora,1
ansiosamente,1
visões,1
asqueroso,1
ecossistema,1
construiu,1
redor,1
prospera,1
plateia,1
sensação,1
custo,1
contexto,1
importam,1
discussão,1
humilhar,1
reafirmar,1
crenças,1
prontas,1
escolha,1
consciente,1
rejeitar,1
atrapalha,1
narrativa,1
trata,1
ignorância,1
recusa,1
deliberada,1
identidade,1
relativizadas,1
contradições,1
ignoradas,1
reais,1
tratadas,1
exagero,1
comportamento,1
alimenta,1
radicalização,1
priorizar,1
necessidade,1
apoiadores,1
legitimam,1
simbólicos,1
normalizam,1
transformam,1
alheio,1
dano,1
colateral,1
aceitável,1
vítimas,1
combustível,1
depende,1
dispostas,1
indefensável,1
repetir,1
falas,1
agressivas,1
aponta,1
inconvenientes,1
cumplicidade,1
coletiva,1
torna,1
descartável,1
empatia,1
vista,1
fraqueza,1
clara,1
movimentos,1
desprezam,1
inflamar,1
vira,1
resultado,1
debate,1
perigo,1
escolhe,1
kkkkkkkkkkkkkkkkkkkkkk,1
vermes,1
dispensado,1
cargo,1
pagou,1
alto,1
pfmoura,1
libertou,1
soltsram,1
nolsonaro,1
ninhobdo,1
news,1
revelou,1
incomoda,1
maioria,1
prefere,1
conforto,1
manipulação,1
contadas,1
falsas,1
verdades,1
parem,1
normalizar,1
damares,1
feliciano,1
zema,1
estrumes,1
ganharam,1
espaço,1
campo,1
romperam,1
amizades,1
acabaram,1
empurrada,1
lógica,1
seguindo,1
pequenos,1
invadido,1
conseguem,1
dimensionar,1
gravidade,1
nível,1
doença,1
moral,1
líder,1
preocupado,1
apoiar,1
retiram,1
direitos,1
eleito,1
sentido,1
oposto,1
incentivando,1
cenário,1
resultar,1
urgentemente,1
impedir,1
postura,1
ocupem,1
cargos,1
públicos,1
incitar,1
invasão,1
opinião,1
irresponsabilidade,1
grave,1
legais,1
completamente,1
assumido,1
candidatou,1
bondoso,1
conceda,1
batalha,1
celestial,1
proteger,1
guerrear,1
maligna,1
acabe,1
possamos,1
contemplar,1
libertando,1
oprimidos,1
fracassado,1
ladrão,1
reclama,1
agr,1
zoa,1
nordestinos,1
liberou,1
macoha,1
che,1
guevara,1
textos,1
incríveis,1
bata,1
ounnnn,1
anjos,1
incomparável,1
hahahahahahahaa,1
ótimo,1
adivinha,1
ministério,1
proletário,1
desses,1
bolsonarolivre,1
vaiprodebatecomjones,1
coveiro,1
botou,1
aumento,1
gostava,1
engraçadinho,1
polícias,1
roubaram,1
fuzis,1
traficantes,1
naquela,1
desastrada,1
polícia,1
desonesto,1
envolvido,1
escándalo,1
corruptos,1
conseguirás,1
condenalo,1
influencia,1
opiniões,1
algumas,1
julgam,1
capazes,1
demonstram,1
conhecer,1
compreender,1
curioso,1
existem,1
informações,1
distorcidas,1
escreve,1
audiência,1
distantes,1
certos,1
apresentados,1
chega,1
soar,1
interpreta,1
stflixo,1
deixa,1
vire,1
rezar,1
pés,1
kkkkkkkkkkkkkkkkkkkkkkkkkkkkkkk,1
fudeu,1
caminhoneiros,1
sarará,1
jugo,1
impiedade,1
entrar,1
conheçam,1
fortalecer,1
mato,1
grosso,1
sul,1
presta,1
marketing,1
grandioso,1
justa,1
orar,1
bastou,1
carniça,1
move,1
montanhas,1
igualzinho,1
semente,1
revolução,1
conosco,1
neh,1
fáticolindo,1
perfeito,1
dicção,1
masinfelizmente,1
magnitzky,1
afins,1
tarifaço,1
cerco,1
mar,1
caribe,1
eduardo,1
alan,1
tagliaferro,1
ramagem,1
desculpa,1
maría,1
corina,1
machado,1
akkakakakakakakakakakakakakakakak,1
delícia,1
vivalulaviva,1
tantoootô,1
missão,1
vagabunda,1
favorita,1
chegará,1
omnosso,1
presidentenos,1
acreditoamos,1
indignação,1
gripizinha,1
pesado,1
pesava,1
arrobas,1
estuprr,1
frases,1
ditas,1
populacao,1
trabalhadora,1
barrados,1
hipócrita,1
acontecer,1
crianças,1
nuca,1
infernos,1
amem,1
angustiada,1
umgigante,1
forças,1
dmsua,1
senhora,1
aguardando,1
desejo,1
pensava,1
kkkkkkkkkkkkkkkkkkkk,1
recado,1
cobrança,1
presidentes,1
caso,1
próximas,1
votaremos,1
candidatos,1
fachin,1
flávio,1
luís,1
roberto,1
barroso,1
gilmar,1
mendes,1
cármen,1
lúcia,1
arthur,1
lira,1
progressistas,1
rodrigo,1
pacheco,1
psd,1
nojo,1
usaram,1
anúncio,1
httpsyoutuberiyswqupbusiw_jqykexjzbg,1
deputadoa,1
kim,1
kataguiri,1
susta,1
conselho,1
curador,1
impôs,1
limites,1
antecipação,1
saqueaniversário,1
reduzindo,1
dificultando,1
objetivo,1
anular,1
mudanças,1
restaurar,1
regras,1
anteriores,1
garantindo,1
podendo,1
contamos,1
assinar,1
urgência,1
pauta,1
protege,1
brasileiras,1
aprovapdl,1
fgtsedotrabalhador,1
maravilha,1
frouxonaro,1
nzist,1
evngélic,1
desacordo,1
atuais,1
importe,1
protegendo,1
michellebolsonaro,1
apoiando,1
pixanistiabrasilgmailcom,1
maravilhas,1
briguinha,1
perguntando,1
sérgio,1
moro,1
caneta,1
martelo,1
juiz,1
fake,1
bateu,1
aaaa,1
ridículos,1
comecei,1
lembro,1
jornal,1
isabelcoelho____,1
odeio,1
httpswwwinstagramcomreeldoygrajdsaligshddmoxkmtbqyxl,1
jus,1
marmota,1
carregue,1
raça,1
bozoloide,1
fanfarrão,1
sentiremos,1
daqueles,1
amam,1
fude,1
bozo,1
presidavolta,1
determinado,1
postar,1
idiota,1
nesta,1
lamentável,1
imoral,1
nojento,1
besteira,1
conservadores,1
velha,1
fhc,1
populares,1
centro,1
misto,1
uns,1
sarney,1
collor,1
pretos,1
exescravizados,1
impedidos,1
prática,1
leis,1
elites,1
bolsonarista,1
cegos,1
burros,1
estudem,1
custa,1
separar,1
estudarem,1
cabeça,1
tse,1
reeleger,1
sentiu,1
viverá,1
guardem,1
arrepiei,1
bota,1
preguiça,1
internet,1
kakkakakakakaka,1
apadrinhar,1
responsabilidade,1
profissionais,1
trabalhamos,1
honestamente,1
levamos,1
seriedade,1
confunda,1
comissionados,1
apadrinhados,1
diferentes,1
daremos,1
resposta,1
corruptofez,1
piadinha,1
publicou,1
afirmações,1
falsaspor,1
punido,1
verde,1
amarelo,1
devolver,1
transformou,1
arma,1
beneficiar,1
confiar,1
carvajal,1
laico,1
kkkkkkkkkkkkkkkkkkk,1
falei,1
avanço,1
confiamos,1
aprovapl_,1
rindo,1
gira,1
voltas,1
exaltada,1
considerado,1
libertado,1
autoritarismo,1
surgiu,1
saída,1
errou,1
sentia,1
vontade,1
várias,1
reconhecido,1
verdadeiramente,1
mudou,1
parei,1
cumpriu,1
melhorar,1
ansioso,1
foder,1
pelota,1
inelegível,1
msm,1
babacas,1
curtir,1
baboseira,1
psiu,1
seguidor,1
bancos,1
relativisa,1
escala,1
negociar,1
patrão,1
livrar,1
imputada,1
crê,1
aprova,1
apostas,1
lindberg,1
farias,1
garante,1
direto,1
seguridade,1
previdência,1
assistência,1
apostar,1
investir,1
taxaasbets,1
seguridadesocial,1
justiçafiscal,1
lindbergfarias,1
obrasilapoia,1
roubadas,1
compra,1
aprendeu,1
empresários,1
torram,1
comprar,1
escritório,1
particular,1
tenta,1
aprovar,1
equilíbrio,1
fiscal,1
públicas,1
reduzir,1
pagarem,1
barra,1
defensores,1
eleitos,1
fintech,1
bet,1
empresário,1
travam,1
medida,1
mexa,1
tratada,1
aplaude,1
rala,1
inteiro,1
pagar,1
boleto,1
redes,1
idolatrando,1
aposta,1
influencer,1
retrato,1
alienação,1
explora,1
historicamente,1
legislado,1
compram,1
gera,1
vendem,1
falsa,1
continua,1
escraviza,1
decide,1
obedece,1
paga,1
denison,1
vilar,1
samu,1
botão,1
traste,1
incredulidade,1
tolice,1
decálogos,1
lenin,1
corrompa,1
juventude,1
dêlhe,1
sexual,1
infiltre,1
veículos,1
comunicação,1
massa,1
iii,1
divida,1
antagônicos,1
incitandoos,1
discussões,1
fale,1
oportunidade,1
assuma,1
escrúpulo,1
colabore,1
esbanjamento,1
coloque,1
descrédito,1
exterior,1
provoque,1
pânico,1
desassossego,1
inflação,1
vii,1
greves,1
ilegais,1
indústrias,1
vitais,1
viii,1
distúrbios,1
constituídas,1
coíbam,1
derrocada,1
morais,1
crença,1
promessas,1
infiltrados,1
democráticos,1
devem,1
acusar,1
nãocomunistas,1
obrigandoos,1
expôlos,1
socialista,1
procure,1
catalogar,1
possuam,1
armas,1
confiscadas,1
oportuno,1
tornando,1
resistência,1
stand,1
poste,1
peça,1
eternas,1
piorcongressodahistoriadopaís,1
congressoinimigodobrasil,1
taxaçãodeigrejas,1
taxaçãodasbets,1
tatiirigo,1
ler,1
íntegra,1
discutirmos,1
tema,1
campanha,1
confundiu,1
conhece,1
eleitores,1
taxaçãodossuperricos,1
alguem,1
mostrou,1
diferente,1
cadeira,1
caras,1
registro,1
carteira,1
encodando,1
compreenderam,1
possível,1
construir,1
progresso,1
exclusão,1
básico,1
moradia,1
oportunidades,1
aparência,1
estabilidade,1
tratado,1
humanidade,1
mandar,1
condições,1
viver,1
sobreviver,1
bemestar,1
continuará,1
bagunçado,1
usado,1
oprimir,1
começo,1
nova,1
comediante,1
medíocre,1
pilantragem,1
afundou,1
garoto,1
escroque,1
presidenteparsbens,1
vovô,1
acompanhar,1
nesses,1
lança,1
pastor,1
espiritual,1
conselheiro,1
donald,1
trump,1
duvido,1
passeios,1
jetski,1
frequência,1
típicos,1
entender,1
engasgada,1
bola,1
enriqueceu,1
mamando,1
desviando,1
familia,1
vendo,1
rápido,1
tentam,1
dizendo,1
coitado,1
perseguido,1
riu,1
negou,1
espalhou,1
enterrava,1
mortos,1
cortou,1
verba,1
atacou,1
cultura,1
abandonou,1
chamar,1
herói,1
costas,1
passava,1
chorava,1
hospital,1
acertos,1
dependeu,1
imperdoável,1
sente,1
comenta,1
compartilha,1
apaga,1
veiii,1
safdo,1
segurar,1
escolher,1
carater,1
prepare,1
cela,1
quentinha,1
boas,1
capacita,1
fortes,1
bolsobaro,1
gravado,1
ensinando,1
recebe,1
propina,1
sapatos,1
caixa,1
sapato,1
cheia,1
notinhs,1
cem,1
declarou,1
sido,1
pagaram,1
msis,1
imoveis,1
pagos,1
pinóquio,1
nariz,1
caber,1
leiam,1
venho,1
pedir,1
lrlwr,1
crescer,1
renda,1
tratamento,1
pós,1
avc,1
acamada,1
meses,1
posto,1
rotina,1
cuidados,1
humor,1
produtos,1
ybera,1
paris,1
fashion,1
gold,1
olhada,1
persistindo,1
sonho,1
seguir,1
agradeço,1
fodase,1
titadura,1
torturar,1
invés,1
matar,1
cujo,1
sentimento,1
traidor,1
voltou,1
bandidagemblindagem,1
companhia,1
exatamente,1
vingança,1
sai,1
mamacoti,1
otários,1
httpsgohotmartcomiadp,1
fraude,1
caro,1
fascistinha,1
bolsonaros,1
sabiam,1
faziam,1
robalheira,1
videozinho,1
monte,1
burra,1
bixo,1
comemorando,1
isenção,1
semanistiaparagolpistas,1
faço,1
sábio,1
servo,1
criador,1
senti,1
sinceridade,1
apologista,1
loucos,1
expuseram,1
defesa,1
chupa,1
atenção,1
minasgeraisoficial,1
minas,1
minasgerais,1
minasgeraismg,1
minasgeraisbrasil,1
taxados,1
cuidado,1
mirim,1
seuchupeta,1
esperançaainda,1
enganjar,1
câmeras,1
traz,1
lutamos,1
representativa,1
quantas,1
mexer,1
covardia,1
cortar,1
partidário,1
cobrar,1
tamanho,1
sofrendo,1
cinzas,1
colocará,1
desistiremos,1
foste,1
rumo,1
cumprido,1
sentimos,1
fantásticos,1
abertos,1
joga,1
safado,1
eleitoral,1
pesadelo,1
conto,1
investigado,1
incentivar,1
seguidores,1
ameaçar,1
queimado,1
fizerem,1
nepal,1
anistiar,1
dura,1
cueca,1
eleitorais,1
decepção,1
ovelha,1
passarei,1
netos,1
etc,1
ganha,1
dinheirosó,1
lacrar,1
andas,1
cartas,1
kilate,1
corajoso,1
testemunha,1
hombridafe,1
brssil,1
politicos,1
oro,1
hostess,1
inimigas,1
celeste,1
menino,1
ourowue,1
cura,1
livra,1
benção,1
participou,1
ciro,1
roubava,1
gasolina,1
rezando,1
httpswwwinstagramcomreeldnewmeppwwigshbgpmmnpydwbm,1
httpswwwinstagramcomreeldopmdlnpigshdgdrzmgfhzta,1
kkkkkkkkkkkkkkkkkkkkkkkk,1
poxa,1
fiquei,1
gentee,1
carreira,1
brilhante,1
brincadeira,1
doentia,1
feito,1
foranikolasferreira,1
sorrir,1
lama,1
poderosamente,1
abrimos,1
sermos,1
humilhados,1
partido,1
mafiosos,1
valeu,1
acendeu,1
final,1
palavra,1
pior,1
vinda,1
cristo,1
desleixado,1
debochado,1
repugnanye,1
salvo,1
kkkkkkkkkkkkkkkkkk,1
petistas,1
vagabundos,1
chorumes,1
dianacastroaz,1
lendariozinho,1
deprimente,1
achei,1
explicar,1
rsrs,1
comove,1
levantem,1
penas,1
desproporcionais,1
atos,1
descruzarmos,1
autoritário,1
respeita,1
constituição,1
poderemos,1
desfrutar,1
barulho,1
maus,1
buscam,1
lugar,1
brabo,1
parar,1
decidiu,1
obra,1
concluída,1
queiram,1
deixaram,1
chegasse,1
vergonhoso,1
declínio,1
picareta,1
admiro,1
mermão,1
currículo,1
escrota,1
nojenta,1
indica,1
pau,1
centrão,1
demorar,1
revirou,1
achou,1
roubo,1
públicoja,1
podre,1
vivem,1
representada,1
bolsonaroomelhorpresidentedobrasil,1
divulgar,1
httpswwwinstagramcomreeldoqxifeuxigshnzflboxnychrs,1
kkkkkkkkkkk,1
guerraa_,1
eeee,1
professora,1
universitária,1
arquiteta,1
urbanista,1
estudante,1
medicina,1
estudar,1
morar,1
comer,1
viajar,1
apoiam,1
políticas,1
investem,1
ciências,1
pensam,1
principalmente,1
minoria,1
inclusive,1
jan,1
amante,1
piro,1
cego,1
enchergar,1
desonra,1
planejar,1
água,1
aumentar,1
senado,1
incapaz,1
atrasado,1
nordestino,1
animal,1
estupraria,1
rosário,1
cinco,1
quatro,1
homens,1
dei,1
fraquejada,1
homossexuais,1
gay,1
baitolismo,1
obrigado,1
racismo,1
gosto,1
índio,1
serve,1
belas,1
hauahuahauahahahuahahahauahahsuahuahsha,1
muda,1
igual,1
bosta,1
parece,1
morto,1
kkkkkkkkkkkkk,1
inferno,1
doido,1
curte,1
votará,1
sentem,1
salvando,1
emendas,1
ninguém,1
investiga,1
des,1
quela,1
problemão,1
conseguiu,1
renova,1
manda,1
traiu,1
esposa,1
mortes,1
vender,1
estatais,1
davam,1
banana,1
espécie,1
democratico,1
rombos,1
precatório,1
denuncia,1
aquii,1
pensando,1
existir,1
cegas,1
errado,1
onesto,1
bagunçada,1
discórdiaq,1
grandemente,1
kkkkkkkkkkkkkkkkkkkkk,1
esqueceu,1
milhares,1
poderiam,1
evitadas,1
passando,1
cérebros,1
massinha,1
acham,1
protesto,1
julgado,1
ditador,1
rombo,1
morreram,1
menores,1
idade,1
trabalhou,1
lambendo,1
bls,1
descaso,1
mds,1
drama,1
canhotos,1
restante,1
mansões,1
ganhando,1
pare,1
usar,1
glorificar,1
dúvidas,1
qualidades,1
aprovados,1
funcionário,1
babão,1
simm,1
concordamos,1
patriotas,1
salvar,1
errando,1
apontando,1
tamo,1
junto,1
trouxe,1
esquerdistas,1
comentando,1
biografia,1
soberano,1
semanistiasemperdãobolsonaronaprisão,1
mamou,1
representar,1
orçamento,1
cade,1
menção,1
dado,1
patriotismo,1
pras,1
apoia,1
enfim,1
têlo,1
presidência,1
morrerá,1
ficará,1
kkkkkkkkkkkkkkkkkkkkkkkkkkkkkkkkk,1
acesa,1
corruptível,1
ecoa,1
jogo,1
bandeira,1
firmados,1
vende,1
cede,1
trai,1
mostra,1
inspira,1
conduz,1
cruz,1
símbolo,1
consome,1
impressos,1
urgente,1
vendido,1
saberá,1
recorde,1
empregos,1
barbaridade,1
corrupcao,1
declarações,1
preconceituosas,1
desculpou,1
falha,1
podemos,1
perder,1
cuide,1
prometeram,1
benefícios,1
custas,1
reclamar,1
tomam,1
incluindo,1
thomas,1
sowell,1
exemplo,1
seguido,1
falaste,1
queriam,1
fizesse,1
explicando,1
blindado,1
cometeu,1
crime,1
taca,1
primeiro,1
turno,1
vembora,1
assistindo,1
posso,1
boa,1
sementeplantando,1
alegria,1
trazendo,1
feixes,1
vivi,1
plano,1
rezo,1
queda,1
eita,1
talkey,1
